Start Frequency,End Frequency,Noise,Clear Freq Start,Clear Freq End
10584000,10608000,2247.983689,10528000,10736000
10528000,10552000,812.725025
10608000,10632000,700.878208
10640000,10664000,634.708851
10688000,10712000,464.787882
10712000,10736000,393.195301
