Start Frequency,End Frequency,Noise,Clear Freq Start,Clear Freq End
14968000,14992000,40158000.000000,9496000,14992000
14504000,14528000,39810000.000000
11984000,12008000,3138.217865
9496000,9520000,2044.252330
9504000,9528000,1679.704724
12008000,12032000,971.537765
