Start Frequency,End Frequency,Noise,Clear Freq Start,Clear Freq End
10597000,10600000,8717.931931,10585000,10618000
10600000,10603000,5694.463149
10603000,10606000,4854.182016
10585000,10588000,3670.534352
10615000,10618000,2950.347174
10610000,10613000,2920.983921
