Start Frequency,End Frequency,Noise,Clear Freq Start,Clear Freq End
10992000,11016000,4607.433103,10992000,12502000
11032000,11056000,4503.175285
11136000,11160000,2859.868935
11064000,11088000,2597.296242
11096000,11120000,1850.831668
12006000,12502000,0.000000
