Start Frequency,End Frequency,Noise,Clear Freq Start,Clear Freq End
8100000,8100000,0.000000,8100000,8100000
8100000,8100000,0.000000
8100000,8100000,0.000000
8100000,8100000,0.000000
8100000,8100000,0.000000
8100000,8100000,0.000000
