Start Frequency,End Frequency,Noise,Clear Freq Start,Clear Freq End
12456000,12480000,729.320158,12144000,12480000
12216000,12240000,1095.372041
12168000,12192000,1172.053473
12416000,12440000,1501.002179
12144000,12168000,1533.988036
12320000,12344000,1662.569839
