Start Frequency,End Frequency,Noise,Clear Freq Start,Clear Freq End
12168000,12192000,1172.053473,12072000,12224000
12200000,12224000,1342.840733
12144000,12168000,1533.988036
12072000,12096000,3147.492788
12006000,12502000,2147483647.000000
12006000,12502000,2147483647.000000
