Start Frequency,End Frequency,Noise,Clear Freq Start,Clear Freq End
11112000,11136000,1172.053473,11016000,11168000
11144000,11168000,1342.840733
11088000,11112000,1533.988036
11016000,11040000,3147.492788
12006000,12502000,2147483647.000000
12006000,12502000,2147483647.000000
