Start Frequency,End Frequency,Noise,Clear Freq Start,Clear Freq End
12064000,12088000,940.260591,12004000,12500000
12128000,12152000,858.440689
12152000,12176000,715.753717
12200000,12224000,642.332185
12004000,12500000,0.000000
12004000,12500000,0.000000
