Start Frequency,End Frequency,Noise,Clear Freq Start,Clear Freq End
11402000,11442000,6862.828442,11108000,11442000
11156000,11196000,11671.493132
11108000,11148000,14588.734671
11262000,11302000,19275.921969
11318000,11358000,19799.809108
12000000,12500000,2147483647.000000
