Start Frequency,End Frequency,Noise,Clear Freq Start,Clear Freq End
-4000,-4000,0.000000,-4000,0
-4000,-4000,0.000000
-4000,-4000,0.000000
-4000,-4000,0.000000
-4000,-4000,0.000000
-4000,-4000,0.000000
