Start Frequency,End Frequency,Noise,Clear Freq Start,Clear Freq End
12064000,12088000,955.657012,12004000,12500000
12128000,12152000,759.784813
12152000,12176000,713.179668
12200000,12224000,666.740712
12088000,12112000,605.810711
12004000,12500000,0.000000
